<beans xmlns="http://www.springframework.org/schema/beans"
       xmlns:xsi="http://www.w3.org/2001/XMLSchema-instance"
       xsi:schemaLocation="
        http://www.springframework.org/schema/beans http://www.springframework.org/schema/beans/spring-beans.xsd">
    <bean id="lap" class="com.config.configurationExample">

    </bean>
    <bean id="alien1" class="com.config.configurationExample.Alien" autowire="byType">
        <property name="age" value="21"/>
        <property name="com" >
            <bean id="com1" class="com.config.configurationExample.Desktop" primary="true">

            </bean>
        </property>
        <constructor-arg type="int" value="21"/>
    </bean>
</beans>